{
  "record_count": 0,
  "column_count": 0,
  "columns": {},
  "duplicates_count": 0,
  "memory_usage_mb": 0.000125885009765625,
  "generated_at": "2026-02-24T03:29:08.502452"
}
